{"search":"","showTags":false,"showAttachments":false,"hideUnresolved":false,"showOrphans":false,"showArrow":false,"textFadeMultiplier":-0.4,"nodeSizeMultiplier":0.320388590326581,"lineSizeMultiplier":0.761165770979744,"centerStrength":0.472844036697248,"repelStrength":10,"linkStrength":0.762172284644195,"linkDistance":30,"scale":0.17557503489943554}