{"search":"","showTags":true,"showAttachments":true,"hideUnresolved":false,"showOrphans":true,"showArrow":false,"textFadeMultiplier":0.1,"nodeSizeMultiplier":0.954128440366973,"lineSizeMultiplier":1.04403669724771,"centerStrength":0.472844036697248,"repelStrength":10,"linkStrength":0.762172284644195,"linkDistance":30,"scale":0.19613224229679566}