{"search":"","showTags":true,"showAttachments":true,"hideUnresolved":false,"showOrphans":true,"showArrow":true,"textFadeMultiplier":-3,"nodeSizeMultiplier":1.02136752136752,"lineSizeMultiplier":0.686324786324786,"centerStrength":0.333075842696629,"repelStrength":20,"linkStrength":0.782584269662921,"linkDistance":500,"scale":0.05096005639077768}